<?xml version="1.0" encoding="UTF-8"?>
<beans xmlns="http://www.springframework.org/schema/beans"
	xmlns:xsi="http://www.w3.org/2001/XMLSchema-instance"
	xmlns:aop="http://www.springframework.org/schema/aop"
	xmlns:context="http://www.springframework.org/schema/context"
	xmlns:util="http://www.springframework.org/schema/util"
	xmlns:p="http://www.springframework.org/schema/p"
	xmlns:tx="http://www.springframework.org/schema/tx"
	xmlns:mvc="http://www.springframework.org/schema/mvc"
	xsi:schemaLocation="http://www.springframework.org/schema/beans 
	http://www.springframework.org/schema/beans/spring-beans-4.0.xsd
	 http://www.springframework.org/schema/context
     http://www.springframework.org/schema/context/spring-context-3.0.xsd
     http://www.springframework.org/schema/util 
     http://www.springframework.org/schema/util/spring-util-3.0.xsd
  http://www.springframework.org/schema/aop 
http://www.springframework.org/schema/aop/spring-aop.xsd
http://www.springframework.org/schema/mvc 
	http://www.springframework.org/schema/mvc/spring-mvc-3.2.xsd
	http://www.springframework.org/schema/tx 
		http://www.springframework.org/schema/tx/spring-tx-3.2.xsd">


<bean id="Emp1" class="com.cg.bean.Employee">
<property name="employeeId" value="1"/>
<property name="employeeName" value="Ankita"/>
<property name="salary" value="12552"/>
</bean>

<bean id="Emp2" class="com.cg.bean.Employee">
<property name="employeeId" value="1"/>
<property name="employeeName" value="Nikita"/>
<property name="salary" value="12552"/>
</bean>

<bean id="Emp" class="com.cg.bean.SBU">
<property name="sbuCode" value="1684"/>
<property name="sbuName" value="Lalit"/>
<property name="sbuHead" value="sxc"/>
<property name="emp">
<list>
<ref bean="Emp1"/>
<ref bean="Emp2"/>
</list>
</property>
</bean>




</beans>
